{"loss": 0.1393646001815796, "lr": 0.002, "_timestamp": 1664829405.0943391, "_runtime": 105.09686422348022, "_step": 3, "iter": 1, "samples": {"_type": "image-file", "sha256": "c5a29879b2e707d97e2f8c6ee192d3fe85b5c1efa66f5d0c7b58931495045385", "size": 440007, "path": "media/images/samples_3_c5a29879b2e707d97e2f.png", "format": "png", "width": 512, "height": 512, "caption": "a photo of a <frida>_0"}, "_wandb": {"runtime": 104}}