{"loss": 3.33984375, "lr": 0.002, "_timestamp": 1672502922.1504064, "_runtime": 266.3673324584961, "_step": 7, "iter": 1, "samples": {"_type": "image-file", "sha256": "fa8340a9070dfef796f3917b1167ed04b6b25795265fe96e6925d5836ff5b9d4", "size": 480059, "path": "media/images/samples_3_fa8340a9070dfef796f3.png", "format": "png", "width": 512, "height": 512, "caption": "a photo of a <frida>"}, "_wandb": {"runtime": 284}}