{"loss": 0.279998242855072, "lr": 0.002, "_timestamp": 1666219426.360134, "_runtime": 93.27818083763123, "_step": 7, "iter": 1, "samples": {"_type": "image-file", "sha256": "a12306bc70d26e123d1ef5870a67a8a1443748777638aa4777375607b7be6314", "size": 521383, "path": "media/images/samples_3_a12306bc70d26e123d1e.png", "format": "png", "width": 512, "height": 512, "caption": "a photo of a <frida>_0 <frida>_1 <frida>_2 <frida>_3 <frida>_4 <frida>_5 <frida>_6 <frida>_7 <frida>_8 <frida>_9"}, "_wandb": {"runtime": 101}}