{"loss": 0.14868056774139404, "lr": 0.002, "_timestamp": 1666024621.2431018, "_runtime": 302.84873390197754, "_step": 20, "_wandb": {"runtime": 303}}