{"loss": 0.5664958357810974, "lr": 0.002, "_timestamp": 1671415549.7889657, "_runtime": 351.0238437652588, "_step": 0, "_wandb": {"runtime": 352}}