{"loss": 0.10643237829208374, "lr": 0.002, "_timestamp": 1666025362.8217044, "_runtime": 92.18885540962219, "_step": 7, "iter": 1, "samples": {"_type": "image-file", "sha256": "059a361fe4449a8fb0d1c6f383bcb79a1ba2b092de27a96f85a0a15b7a3d3cbf", "size": 458498, "path": "media/images/samples_3_059a361fe4449a8fb0d1.png", "format": "png", "width": 512, "height": 512, "caption": "a photo of a <frida>_0 <frida>_1 <frida>_2 <frida>_3 <frida>_4 <frida>_5 <frida>_6 <frida>_7 <frida>_8 <frida>_9"}, "_wandb": {"runtime": 97}}