{"loss": 0.3165140450000763, "lr": 0.002, "_timestamp": 1664810913.2276232, "_runtime": 118.5103771686554, "_step": 2, "_wandb": {"runtime": 168}}