{"loss": 0.15827576816082, "lr": 0.002, "_timestamp": 1664814508.769638, "_runtime": 81.00512194633484, "_step": 2, "_wandb": {"runtime": 103}}