{"loss": 0.07474195212125778, "lr": 0.002, "_timestamp": 1666025170.466406, "_runtime": 85.81379818916321, "_step": 2, "_wandb": {"runtime": 103}}