{"loss": 0.03169013932347298, "lr": 0.002, "_timestamp": 1664813884.2182724, "_runtime": 74.0635154247284, "_step": 2, "_wandb": {"runtime": 93}}