{"loss": 0.5040850043296814, "lr": 0.002, "_timestamp": 1671303204.6441774, "_runtime": 239.6750683784485, "_step": 0, "_wandb": {"runtime": 237}}