{"loss": 0.07029516249895096, "lr": 0.002, "_timestamp": 1664860812.4532638, "_runtime": 79.36707282066345, "_step": 12, "_wandb": {"runtime": 79}}