{"loss": 0.24163886904716492, "lr": 0.002, "_timestamp": 1664829938.4474847, "_runtime": 113.02405071258545, "_step": 33, "_wandb": {"runtime": 113}}