{"loss": 0.2538871169090271, "lr": 0.002, "_timestamp": 1666666734.5546036, "_runtime": 95.51037454605103, "_step": 16, "_wandb": {"runtime": 96}}