{"loss": 0.05178019404411316, "lr": 0.002, "_timestamp": 1664815502.943555, "_runtime": 67.27629804611206, "_step": 2, "_wandb": {"runtime": 68}}