{"loss": 2.2434518337249756, "lr": 0.002, "_timestamp": 1671493851.290324, "_runtime": 341.4158389568329, "_step": 0, "_wandb": {"runtime": 349}}