{"loss": 1.6708984375, "lr": 0.0004, "_timestamp": 1672069971.0314147, "_runtime": 239.089115858078, "_step": 0, "_wandb": {"runtime": 240}}