{"loss": 0.045928955078125, "lr": 0.0004, "_timestamp": 1672069604.7282755, "_runtime": 211.87418746948242, "_step": 0, "_wandb": {"runtime": 218}}