{"loss": 0.0127410888671875, "lr": 0.002, "_timestamp": 1672503344.99393, "_runtime": 308.3559172153473, "_step": 32, "iter": 6, "samples": {"_type": "image-file", "sha256": "fb61d0a6b8bf28900c5e3ea2b08afe72633f9bd79670f824e6f97d84b68d1563", "size": 459453, "path": "media/images/samples_28_fb61d0a6b8bf28900c5e.png", "format": "png", "width": 512, "height": 512, "caption": "a photo of a <frida>"}, "_wandb": {"runtime": 319}}