{"loss": 1.1970628499984741, "lr": 0.002, "_timestamp": 1665586215.6097445, "_runtime": 113.36533665657043, "_step": 3, "_wandb": {"runtime": 114}}