{"loss": 0.0073282839730381966, "lr": 0.002, "_timestamp": 1666219025.8106925, "_runtime": 197.67308855056763, "_step": 27, "iter": 5, "samples": {"_type": "image-file", "sha256": "1af71263bb0207bc09e591f30ad7ccf7a7cf373f47fd4227216da17edafb73ce", "size": 487364, "path": "media/images/samples_23_1af71263bb0207bc09e5.png", "format": "png", "width": 512, "height": 512, "caption": "a photo of a <frida>_0 <frida>_1 <frida>_2 <frida>_3 <frida>_4 <frida>_5 <frida>_6 <frida>_7 <frida>_8 <frida>_9"}, "_wandb": {"runtime": 201}}