{"loss": 2.50895094871521, "lr": 0.002, "_timestamp": 1671564564.3305545, "_runtime": 1895.5819885730743, "_step": 452, "iter": 100, "samples": {"_type": "image-file", "sha256": "1c16aa69d3b3cf8534e59811b121e44458285ff1dc7791e5ba253f957a742c2a", "size": 493287, "path": "media/images/samples_399_1c16aa69d3b3cf8534e5.png", "format": "png", "width": 512, "height": 512, "caption": "a photo of a <frida>_0 <frida>_1 <frida>_2 <frida>_3 <frida>_4 <frida>_5 <frida>_6 <frida>_7 <frida>_8 <frida>_9 <frida>_10 <frida>_11 <frida>_12 <frida>_13 <frida>_14 <frida>_15 <frida>_16 <frida>_17 <frida>_18 <frida>_19"}, "_wandb": {"runtime": 1895}}