{"loss": 0.0029520723037421703, "lr": 0.002, "_timestamp": 1664829677.4246323, "_runtime": 140.89277338981628, "_step": 8, "iter": 2, "samples": {"_type": "image-file", "sha256": "7212a59daa2dbd752f4d60fbed4d046f7b13829fe1f6ea2c3a2def47be2f5d60", "size": 511466, "path": "media/images/samples_8_7212a59daa2dbd752f4d.png", "format": "png", "width": 512, "height": 512, "caption": "a photo of a <frida>_0"}, "_wandb": {"runtime": 154}}