{"loss": 0.05523681640625, "lr": 0.0004, "_timestamp": 1672070277.2274387, "_runtime": 196.24697279930115, "_step": 0, "_wandb": {"runtime": 196}}