{"loss": 0.08019045740365982, "lr": 0.002, "_timestamp": 1664815197.7633116, "_runtime": 124.82159662246704, "_step": 4, "iter": 1, "samples": {"_type": "image-file", "sha256": "374f0c7edb6d99be80d53fdbe8021f15bac282bf0a2dbfbd0891a1cde1c4639f", "size": 384680, "path": "media/images/samples_3_374f0c7edb6d99be80d5.png", "format": "png", "width": 512, "height": 512, "caption": "a photo of a <frida>_0"}, "_wandb": {"runtime": 127}}